subject,class_num,instructor,terms_taught,sections,students,A_pct_avg,B_pct_avg,C_pct_avg,D_pct_avg,F_pct_avg,W_pct_avg,most_recent_term,Difficulty_Index
CS,505,"Sidiropoulos, Anastasios",2,2,39,88.27586206896552,11.724137931034482,0.0,0.0,0.0,0.0,SP19,0.0
CS,505,"Sloan, Robert Hal",1,1,12,33.33333333333333,58.333333333333336,0.0,0.0,0.0,0.0,FA06,8.333333333333343
CS,580,"Sintos, Stavros",1,1,31,90.32258064516128,9.67741935483871,0.0,0.0,0.0,0.0,SP24,1.4210854715202004e-14
CS,580,"Yu, Clement T",9,9,173,54.08886502023757,30.53986318692201,6.5064039083646925,0.5555555555555556,0.0,1.4719848053181386,FA13,15.371271792840417
CS,582,"Caragea, Cornelia Alexandra",5,5,205,86.4508240297714,12.660287081339714,0.4444444444444445,0.0,0.0,0.4444444444444445,SP21,0.8888888888888857
CS,582,"Yu, Clement T",10,10,251,51.99505363225872,38.64203647397839,2.359462463999669,0.4545454545454546,0.0,0.0,SP14,9.36290989376289
